Usuario Libre;;;;0;365;0
Hive Matrix;;Empiece su negocio online ahora mismo!;Ha sido disenado para personas que quieran empezar a generar dinero a traves de su propio negocio online. Es el producto de registro  en nuestra empresa. Cualquier usuario que quiera empezar a generar beneficio economico, tendra que tener activado este producto. Para adquirir nuevos productos, sera necesario tener activado su Hive Matrix. Una vez activo, empezara  a obtener beneficios economicos de su red de trabajo. ;9.99;365;0
Thunder Marketing;management_conference;Mejore sus conocimientos de marketing con los mejores especialistas.;Es una coleccion de archivos mediante los cuales adquirira conocimientos de marketing online llevando su negocio al maximo nivel. Estos documentos han sido creados por personas que han conseguido tener exito en sus negocios online. Mensualmente, se publicaran nuevos documentos para que pueda tener una formacion continuada. Ademas de esto, tras la adquisicion de este producto tendra acceso a las distintas conferencias de marketing que daran nuestros especialistas.;250;365;1
Win Formula;management_software;Tenga acceso a los mejores softwares de maketing del mercado!;Mediante el registro a Win Formula, tendra acceso a los mejores softwares de marketing online del mercado, los cuales le ayudaran a llevar su negocio online a limites inimaginables. Según algunos de nuestros clientes más importantes, la adquisición de Win Formula le ayudará a multiplicar por 10 el crecimiento de su propio negocio online.;350;365;1
Mind Influence;management_audio_ebook;Pongase en la mente del cliente y tenga exito en la venta!;Hay un dicho que dice Si realmente logras impresionarlos, los clientes se lo contaran unos a otros. La palabra que circula de boca en boca es la mejor herramienta de marketing que hay.Pues bien,  gracias a Mind Formula recibira una formacion continua de como impresionar y ganarte el respeto de los demas en tus ventas;100;365;1
Global Shopping Team;management_product_shop;Beneficiese de tener su propia tienda Online!;Desde Netviralpro.com , te damos la oportunidad de promocionar los servicios y productos que se venden a traves de nuestra plataforma online . Con Global Shopping Team le proporcionaremos  una tienda unica y personalizada, que podra compartir, potenciar y con la que obtendra amplios margenes de beneficio. Adquiriendo este producto, no solo ganara dinero de sus ventas, sino tambien de las ventas de las tiendas de los usuarios que esten en su red de negocio.;9.99;30;1